Model,R2,RMSE_B$,MAE_B$,Best_Params
SVR,0.7730114570441496,7.503736437262475,5.52508146395958,"{'C': 2.0, 'epsilon': 0.01, 'gamma': 'auto'}"
Ridge,0.7583671531660824,7.74200750796888,5.769014437018077,{'alpha': 0.3}
ElasticNet,0.7540302988371057,7.811175752134816,5.88267354336292,"{'alpha': 0.01, 'l1_ratio': 0.1}"
Lasso,0.7046177493311838,8.559882445587142,7.185807273193285,{'alpha': 0.005}
Gradient Boosting,0.5773640398819434,10.23903024879533,8.644537303746604,"{'n_estimators': 100, 'learning_rate': 0.2, 'max_depth': 2}"
Random Forest,0.4691608545178976,11.475115711743122,8.874044662504298,"{'n_estimators': 500, 'max_depth': None, 'min_samples_split': 2}"
